paper_id,title,authors,year,source,doi
1,Discovering spoliation of evidence through identifying traces on deleted ûô´ûles in macOS,Joun J.; Lee S.; Park J.,2023,Forensic Science International: Digital Investigation,10.1016/j.fsidi.2023.301502
2,Fool me once A systematic review of techniques to authenticate digital artefacts,Neale C.,2023,Forensic Science International: Digital Investigation,10.1016/j.fsidi.2023.301516
3,Forensic analysis of ephemeral messaging applications Disappearing messages or evidential data?,Heath H.; MacDermott û.; Akinbi A.,2023,Forensic Science International: Digital Investigation,10.1016/j.fsidi.2023.301585
4,Identification of data wiping tools based on deletion patterns in ReFS $Logfile,Lee E.J.; Lee S.Y.; Kwon H.; Lee S.J.; Kim G.B.,2023,Forensic Science International: Digital Investigation,10.1016/j.fsidi.2023.301607
5,Data remnants analysis of document files in Windows Microsoft 365 as a case study,Joun J.; Lee S.; Park J.,2023,Forensic Science International: Digital Investigation,10.1016/j.fsidi.2023.301612
6,Hit and run Forensic vehicle event reconstruction through driver-based cloud data from ProgressiveãûûÇs snapshot application,Onik A.R.; Spinosa T.T.; Asad A.M.; Baggili I.,2024,Forensic Science International: Digital Investigation,10.1016/j.fsidi.2024.301762
7,Evaluating Commercial Counter-Forensic Tools,Geiger M.,2005,Digital Forensic Research Workshop 2005,
8,Time for Truth Forensic Analysis of NTFS Timestamps,Galhuber M.; Luh R.,2021,ACM International Conference Proceeding Series,10.1145/3465481.3470016
9,NULL Byte Injection Anti-Forensic Technique for Data Hiding in FAT32 File System,Kim D.; Lee Y.K.; Jeong J.,2022,Proceedings of the International Symposium on Mobile Ad Hoc Networking and Computing (MobiHoc),10.1145/3492866.3558587
10,Analyzing Security Vulnerability and Forensic Investigation of ROS2 A Case Study,Patel Y.; Rughani P.H.; Desai D.,2022,ACM International Conference Proceeding Series,10.1145/3573910.3573912
11,Forget About It Batched Database Sanitization,Wagner J.; Rasin A.,2024,Proceedings of the ACM Symposium on Applied Computing,10.1145/3605098.3636054
12,Forensic Trace Analysis for MP3 based Stego-Malware Exemplary Study for Stego-Algorithm and Capacity Attribution to derive YARA Rules for Malware Identification,Dittmann J.; Kraetzer C.; Alemann J.; Birnbaum B.,2024,IH MMSec 2024 - Proceedings of the 2024 ACM Workshop on Information Hiding and Multimedia Security,10.1145/3658664.3659641
13,A Survey On Anti-Forensics Techniques,Gû¥l M.; Kugu E.,2017,IDAP 2017 - International Artificial Intelligence and Data Processing Symposium,10.1109/IDAP.2017.8090341
14,Advanced Industrial Espionage Mobile Device as Anti-Forensic and Anonymization Tool,Potocky S.; Stulrajter J.; Turcanik M.,2024,"Proceedings of the International Conference on New Trends in Signal Processing, NTSP 2024",10.23919/NTSP61680.2024.10726287
15,AfterImage Evading Traditional Indicator of Compromise (IOC) Blocking,Zheng D.Y.; Tong K.K.S.; Lim M.T.A.; Chan W.J.; Goh W.,2023,"Proceedings of the 17th IEEE International Conference on Service Operations and Logistics, and Informatics, SOLI 2023",10.1109/SOLI60636.2023.10425081
16,An Investigation into the Efficacy of Three Erasure Tools under Windows 7,Triton C.T.C.K.; Woodward A.,2010,Proceedings of the 8th Australian Digital Forensics Conference,10.4225/75/57b2b5b740ce4
17,An Overview on Handling Anti Forensic Issues in Android Devices Using Forensic Automator Tool,Bharath Bhushan H.H.; Metilda Florance S.,2022,"SPICES 2022 - IEEE International Conference on Signal Processing, Informatics, Communication and Energy Systems",10.1109/SPICES52834.2022.9774183
18,Analyzing Edge IoT Digital Forensics Tools Cyber Attacks Reconstruction and Anti-Forensics Enhancements,Becker E.; Gupta M.; Awaysheh F.M.,2023,"2023 IEEE International Conference on Dependable, Autonomic and Secure Computing, International Conference on Pervasive Intelligence and Computing, International Conference on Cloud and Big Data Computing, International Conference on Cyber Science and Technology Congress, DASC/PiCom/CBDCom/CyberSciTech 2023",10.1109/DASC/PiCom/CBDCom/Cy59711.2023.10361416
19,Anti-Forensic Challenges in Digital Forensics Investigations An Overview of Techniques and Tools,Mohammad I.A.; Nasar A.O.; Alkhawaldeh M.; Qazi E.-U.-H.; Zia T.,2024,"2024 7th International Conference on Signal Processing and Information Security, ICSPIS 2024",10.1109/ICSPIS63676.2024.10812632
20,Anti-Forensic Deepfake Personas and How To Spot Them,Ngoc N.H.; Chan A.; Binh H.T.T.; Ong Y.S.,2022,Proceedings of the International Joint Conference on Neural Networks,10.1109/IJCNN55064.2022.9892357
21,BDC-GAN: Bidirectional Conversion Between Computer-Generated and Natural Facial Images for Anti-Forensics,Peng F.; Yin L.; Long M.,2022,IEEE Transactions on Circuits and Systems for Video Technology,10.1109/TCSVT.2022.3177238
22,Comparative Analysis of Recovery Tools For Digital Forensic Evidence Using NIST Framework 800-101 R1,Surya M.; Sidabutar J.; Qomariasih N.,2023,"Proceedings - 2023 IEEE International Conference on Cryptography, Informatics, and Cybersecurity: Cryptography and Cybersecurity: Roles, Prospects, and Challenges, ICoCICs 2023",10.1109/ICoCICs58778.2023.10276447
23,Data Wiping Tool ByteEditor Technique,Ahmad Riduan N.H.; Feresa Mohd Foozy C.; Hamid I.R.A.; Shamala P.; Othman N.F.,2021,"2021 3rd International Cyber Resilience Conference, CRC 2021",10.1109/CRC50527.2021.9392502
24,Deployment and Detection of Anti-Forensics Shredding Technique in Android Mobile Devices,Abozaid F.; Yousif S.; Abdulhamid S.M.; Zubeir D.I.; Al-Ghushami A.H.,2023,"Proceedings - 2023 6th International Conference of Women in Data Science at Prince Sultan University, WiDS-PSU 2023",10.1109/WiDS-PSU57071.2023.00040
25,DETECTABLE TAMPERING OF JPEG ANTI-FORENSICS,Fahmy G.,2012,"WIAR 2012 - National Workshop on Information Assurance Research, Proceedings",
26,Digital Forensic Tools Comparison of Autopsy TSK and Forensic Explorer,Farnan M.; Pratt J.; David A.; Shakiba M.,2024,"2024 IEEE International Conference on Information Technology, Electronics and Intelligent Communication Systems, ICITEICS 2024",10.1109/ICITEICS61368.2024.10625076
27,Domain-Agnostic Document Authentication Against Practical Recapturing Attacks,Chen C.; Zhang S.; Lan F.; Huang J.,2022,IEEE Transactions on Information Forensics and Security,10.1109/TIFS.2022.3197054
28,ExS-GAN Synthesizing Anti-Forensics Images via Extra Supervised GAN,Ding F.; Shen Z.; Zhu G.; Kwong S.; Zhou Y.; Lyu S.,2023,IEEE Transactions on Cybernetics,10.1109/TCYB.2022.3210294
29,Experimental Evaluation of eô˜ãMMC Data Recovery,Fukami A.; Sheremetov S.; Regazzoni F.; Geradts Z.; De Laat C.,2022,IEEE Transactions on Information Forensics and Security,10.1109/TIFS.2022.3176187
30,Exploring the Use of Tails Operating System in Cybercrime and its Impact on Law Enforcement Investigations,Mandela N.; Manna F.; Garibado D.A.; Musaka S.; Mutara M.; Mistry N.R.,2024,"Proceedings of the 18th INDIAcom; 2024 11th International Conference on Computing for Sustainable Global Development, INDIACom 2024",10.23919/INDIACom61295.2024.10499122
31,"GIMD-Net An effective General-purpose Image Manipulation Detection Network, even under anti-forensic attacks",Singh G.; Goyal P.,2021,Proceedings of the International Joint Conference on Neural Networks,10.1109/IJCNN52387.2021.9533733
32,Identifying Bugs In Digital Forensic Tools,Cusack B.; Homewood A.,2014,"Proceedings of the 11th Australian Digital Forensics Conference, ADF 2013",10.4225/75/57b3c3befb86c
33,Lessons Learned from an Investigation into the Analysis Avoidance Techniques of Malicious Software,Brand M.; Valli C.; Woodward A.,2010,Proceedings of the 8th Australian Digital Forensics Conference,10.4225/75/57b2903540cd7
34,Supervised Anti-Forensic DNN to Detect Multiple-time Compressed JPEG Tampered Images,Roy J.; Roy S.D.; Das S.; Bhowmik M.K.,2024,"2024 3rd International Conference on Advancement in Electrical and Electronic Engineering, ICAEEE 2024",10.1109/ICAEEE62219.2024.10561671
35,WiDeS Wiping Detection using System-calls - An Anti-Forensic Resistant Approach,Sanda P.; Pawar D.; Vedala R.,2023,"Proceedings - 2023 IEEE 22nd International Conference on Trust, Security and Privacy in Computing and Communications, TrustCom/BigDataSE/CSE/EUC/iSCI 2023",10.1109/TrustCom60117.2023.00231
36,MISLGAN AN ANTI-FORENSIC CAMERA MODEL FALSIFICATION FRAMEWORK USING A GENERATIVE ADVERSARIAL NETWORK,Chen C.; Zhao X.; Stamm M.C.,2018,"Proceedings - International Conference on Image Processing, ICIP",10.1109/ICIP.2018.8451503
37,EVALUATING THE EFFICACY OF RGB-D CAMERAS FOR SURVEILLANCE,Raghuraman S.; Bahirat K.; Prabhakaran B.,2015,Proceedings - IEEE International Conference on Multimedia and Expo,10.1109/ICME.2015.7177415
38,Dual-Domain Generative Adversarial Network for Digital Image Operation Anti-forensics,Peng F.; Yin L.-P.; Zhang L.-B.; Long M.,2020,IEEE Transactions on Multimedia,10.1109/TMM.2019.2959443
39,FORENSICS VS. ANTI-FORENSICS A DECISION AND GAME THEORETIC FRAMEWORK,Stamm M.C.; Lin W.S.; Liu K.J.R.,2012,"ICASSP, IEEE International Conference on Acoustics, Speech and Signal Processing - Proceedings",10.1109/ICASSP.2012.6288237
40,Temporal Forensics and Anti-Forensics for Motion Compensated Video,Stamm M.C.; Lin W.S.; Liu K.J.R.,2012,IEEE Transactions on Information Forensics and Security,10.1109/TIFS.2012.2205568
41,A Conceptual Framework for Database Anti-forensics Impact Mitigation,Adamu B.Z.; Karabatak M.; Ertam F.,2020,"8th International Symposium on Digital Forensics and Security, ISDFS 2020",10.1109/ISDFS49300.2020.9116375
42,Multiple-Operation Image Anti-Forensics with WGAN-GP Framework,Wu J.; Wang Z.; Zeng H.; Kang X.,2019,"2019 Asia-Pacific Signal and Information Processing Association Annual Summit and Conference, APSIPA ASC 2019",10.1109/APSIPAASC47483.2019.9023173
43,A framework of generative adversarial networks with novel loss for JPEG restoration and anti-forensics,Wu J.; Kang X.; Yang J.; Sun W.,2021,Multimedia Systems,10.1007/s00530-021-00778-6
44,Generative Adversarial Attacks Against Deep-Learning-Based Camera Model Identification,Chen C.; Zhao X.; Stamm M.C.,2019,IEEE Transactions on Information Forensics and Security,10.1109/TIFS.2019.2945198
45,A survey and research challenges of anti-forensics Evaluation of game-theoretic models in simulation of forensic agentsãûûÇ behaviour,Shafiee Hasanabadi S.; Habibi Lashkari A.; Ghorbani A.A.,2020,Forensic Science International: Digital Investigation,10.1016/j.fsidi.2020.301024
46,Game-Theoretic Decision Support for Cyber Forensic Investigations,Nisioti A.; Loukas G.; Rass S.; Panaousis E.,2021,Sensors,10.3390/s21165300
47,Arriving at an anti-forensics consensus Examining how to define and control the anti-forensics problem,Harris R.,2006,Digital Investigation,10.1016/j.diin.2006.06.005
48,Data fragment forensics for embedded DVR systems,Park J.; Lee S.,2014,Digital Investigation,10.1016/j.diin.2014.06.001
49,Deleting collected digital evidence by exploiting a widely adopted hardware write blocker,Meffert C.S.; Baggili I.; Breitinger F.,2016,DFRWS 2016 USA - Proceedings of the 16th Annual USA Digital Forensics Research Conference,10.1016/j.diin.2016.04.004
50,Android forensics Automated data collection and reporting from a mobile device,Grover J.,2013,"Proceedings of the Digital Forensic Research Conference, DFRWS 2013 USA",10.1016/j.diin.2013.06.002
51,"Anti-forensics Furthering digital forensic science through a new extended, granular taxonomy",Conlan K.; Baggili I.; Breitinger F.,2016,DFRWS 2016 USA - Proceedings of the 16th Annual USA Digital Forensics Research Conference,10.1016/j.diin.2016.04.006
52,An improved median ûô´ûltering anti-forensics with better image quality and forensic undetectability,Singh K.; Kansal A.; Singh G.,2019,Multidimensional Systems and Signal Processing,10.1007/s11045-019-00637-8
53,Anti-forensics of JPEG Compression Using Generative Adversarial Networks,Luo Y.; Zi H.; Zhang Q.; Kang X.,2018,European Signal Processing Conference,10.23919/EUSIPCO.2018.8553259
54,UnSafengine64 A Safengine Unpacker for 64-Bit Windows Environments and Detailed Analysis Results on Safengine 2.4.0,Choi S.; Chang T.; Park Y.,2024,Sensors,10.3390/s24030840
55,On the Feasibility of Android Stegomalware: A Detection Study,Soi D.; Sanna S.L.; Liguori A.; Zuppelli M.; Regano L.; Maiorca D.; Caviglione L.; Manco G.; Giacinto G.,2025,Italian Conference on Cybersecurity (ITASEC),
56,A forensic analysis of streaming platforms on Android OS,Murias J.G.; Levick D.; McKeown S.,2023,Forensic Science International: Digital Investigation,10.1016/j.fsidi.2022.301485
57,Analysis of Autopsy Mobile Forensic Tools against Unsent Messages on WhatsApp Messaging Application,Alief F.; Suryanto Y.; Rosselina L.; Hermawan T.,2020,"International Conference on Electrical Engineering, Computer Science and Informatics (EECSI)",10.23919/EECSI50503.2020.9251876
58,Steganography and Computer Forensics - the art of hiding information a systematic review,Hausknecht K.; Gruicic S.,2017,"2017 40th International Convention on Information and Communication Technology, Electronics and Microelectronics, MIPRO 2017 - Proceedings",10.23919/MIPRO.2017.7973612
59,Taxonomy for Anti-Forensics Techniques & Countermeasures,Gû¥l M.; Kugu E.,2017,IDAP 2017 - International Artificial Intelligence and Data Processing Symposium,10.1109/IDAP.2017.8090341
60,Analysis of Steganographic on Digital Evidence using General Computer Forensic Investigation Model Framework,Akbar M.H.; Sunardi; Riadi I.,2020,International Journal of Advanced Computer Science and Applications,10.14569/IJACSA.2020.0111141
61,Data Sanitization Framework for Computer Hard Disk Drive A Case Study in Malaysia,Yusof N.A.B.; Abdullah S.N.H.B.S.; Senan M.F.E.; Abidin N.Z.B.Z.; Sahri M.B.,2019,International Journal of Advanced Computer Science and Applications,10.14569/IJACSA.2019.0101155
62,SafePaint Anti-forensic Image Inpainting with Domain Adaptation,Chen D.; Liao X.; Wu X.; Chen S.,2024,MM 2024 - Proceedings of the 32nd ACM International Conference on Multimedia,10.1145/3664647.3681279
63,An Automated and Comprehensive Framework for IoT Botnet Detection and Analysis (IoT-BDA),Trajanovski T.; Zhang N.,2021,IEEE Access,10.1109/ACCESS.2021.3110188
64,Identification of true speakers from disguised voices in anti-forensic scenarios using an efficient framework,Rana S.; Qureshi M.A.; Majeed A.; Noon S.K.,2024,"Signal, Image and Video Processing",10.1007/s11760-024-03407-7
65,Anti-forensics of fake stereo audio using generative adversarial network,Liu T.; Yan D.; Yan N.; Chen G.,2022,Multimedia Tools and Applications,10.1007/s11042-022-12448-4
66,A SMART Goal-based Framework for Privacy Preserving Embedded Forensic Investigations,Pathak J.; Sankaran S.; Achuthan K.,2019,"Proceedings of the 2019 International Symposium on Embedded Computing and System Design, ISED 2019",10.1109/ISED48680.2019.9096232
67,A Framework for Detecting Anti-forensics in Cloud Environment,Rani D.R.; Kumari G.G.,2017,"Proceeding - IEEE International Conference on Computing, Communication and Automation, ICCCA 2016",10.1109/CCAA.2016.7813913
68,Anti-Forensics of Digital Image Compression,Stamm M.C.; Liu K.J.R.,2011,IEEE Transactions on Information Forensics and Security,10.1109/TIFS.2011.2119314
69,Counterfeiting and Defending the Digital Forensic Process,Botas A.; RodrûÙguez R.J.; VûÊisûÊnen T.; Zdzichowski P.,2015,"Proceedings - 15th IEEE International Conference on Computer and Information Technology, CIT 2015, 14th IEEE International Conference on Ubiquitous Computing and Communications, IUCC 2015, 13th IEEE International Conference on Dependable, Autonomic and Secure Computing, DASC 2015 and 13th IEEE International Conference on Pervasive Intelligence and Computing, PICom 2015",10.1109/CIT/IUCC/DASC/PICOM.2015.291
70,Anti-Forensics of Audio Source Identification Using Generative Adversarial Network,Li X.; Yan D.; Dong L.; Wang R.,2019,IEEE Access,10.1109/ACCESS.2019.2960097
71,Digital Image Forensic Approach to Counter the JPEG Anti-Forensic Attacks,Kumar A.; Singh G.; Kansal A.; Singh K.,2021,IEEE Access,10.1109/ACCESS.2020.3048246
72,SYNTHESIZING BLACK-BOX ANTI-FORENSICS DEEPFAKES WITH HIGH VISUAL QUALITY,Fan B.; Hu S.; Ding F.,2024,"ICASSP, IEEE International Conference on Acoustics, Speech and Signal Processing - Proceedings",10.1109/ICASSP48485.2024.10447611
73,Exploring Firmwareãûû¨Based Antiãûû¨forensics in IoT Devices Techniques and Implications,Kirmani M.S.; Banday M.T.,2024,SN Computer Science,10.1007/s42979-024-03476-y
74,Making Generated Images Hard To Spot A Transferable Attack On Synthetic Image Detectors,Zhao X.; Stamm M.C.,2023,Lecture Notes in Computer Science (including subseries Lecture Notes in Artificial Intelligence and Lecture Notes in Bioinformatics),10.1007/978-3-031-37745-7_6
75,Making DeepFakes more spurious evading deep face forgery detection via trace removal attack,Liu C.; Chen H.; Zhu T.; Zhang J.; Zhou W.,2023,IEEE Transactions on Dependable and Secure Computing,10.1109/TDSC.2023.3241604
76,Black-Box Attack against GAN-Generated Image Detector with Contrastive Perturbation,Lou Z.; Cao G.; Lin M.,2023,Engineering Applications of Artificial Intelligence,10.1016/j.engappai.2023.106594
77,Attacking Image Splicing Detection and Localization Algorithms Using Synthetic Traces,Fang S.; Stamm M.C.,2024,IEEE Transactions on Information Forensics and Security,10.1109/TIFS.2023.3346312
78,Understanding digital image antiãûû¨forensics an analytical review,Taneja N.; Bramhe V.S.; Bhardwaj D.; Taneja A.,2024,Multimedia Tools and Applications,10.1007/s11042-023-15866-0
79,A memory-based game-theoretic defensive approach for digital forensic investigators,Shafiee Hasanabadi S.; Habibi Lashkari A.; Ghorbani A.A.,2021,Forensic Science International: Digital Investigation,10.1016/j.fsidi.2021.301214
80,Exploring Adversarial Fake Images on Face Manifold,Li D.; Wang W.; Fan H.; Dong J.,2021,Proceedings of the IEEE Computer Society Conference on Computer Vision and Pattern Recognition,10.1109/CVPR46437.2021.00573
81,Memory Forensics Recovering Chat Messages and Encryption Master Key,Kazim A.; Almaeeni F.; Ali S.A.; Iqbal F.; Al-Hussaeni K.,2019,"2019 10th International Conference on Information and Communication Systems, ICICS 2019",10.1109/IACS.2019.8809179
82,Bibliography of digital image anti-forensics and anti-anti-forensics techniques,Qureshi M.A.; El-Alfy E.-S.M.,2019,IET Image Processing,10.1049/iet-ipr.2018.6587
83,Camera Trace Erasing,Chen C.; Xiong Z.; Liu X.; Wu F.,2020,Proceedings of the IEEE Computer Society Conference on Computer Vision and Pattern Recognition,10.1109/CVPR42600.2020.00302
84,Improving the Security of Visual Challenges,Valente J.; Bahirat K.; Venechanos K.; Cardenas A.A.; Balakrishnan P.,2019,ACM Transactions on Cyber-Physical Systems,10.1145/3331183
85,The Optimization Analysis for the Original and Manipulation Identification of Illegally Filmed Images,Choi S.; Kim D.,2021,Applied Sciences (Switzerland),10.3390/app11115220
86,Forensic exploration on windows File History,Choi J.; Park J.; Lee S.,2021,Forensic Science International: Digital Investigation,10.1016/j.fsidi.2021.301134
87,Can computer forensic tools be trusted in digital investigations?,Hausknecht K.; Gruicic S.,2017,"2017 40th International Convention on Information and Communication Technology, Electronics and Microelectronics, MIPRO 2017 - Proceedings",10.23919/MIPRO.2017.7973612
88,DistLog A Distributed Logging Scheme for IoT Forensics,Noura H.N.; Salman O.; Chehab A.; Couturier R.,2020,Ad Hoc Networks,10.1016/j.adhoc.2019.102061
89,An Android Case Study on Technical Anti-Forensic Challenges of WhatsApp Application,Mirza M.; Salamh F.E.; Karabiyik U.,2020,"8th International Symposium on Digital Forensics and Security, ISDFS 2020",10.1109/ISDFS49300.2020.9116192
90,A game-theoretic defensive approach for forensic investigators against rootkits,Shafiee Hasanabadi S.; Habibi Lashkari A.; Ghorbani A.A.,2020,Forensic Science International: Digital Investigation,10.1016/j.fsidi.2020.200909
91,An improved anti-forensic technique for JPEG compression,Kumar A.; Kansal A.; Singh K.,2019,Multimedia Tools and Applications,10.1007/s11042-019-7734-x
92,Memory Layout Extraction and Verification Method for Reliable Physical Memory Acquisition,Jung S.; Seo S.; Kim Y.; Lee C.,2021,Electronics (Switzerland),10.3390/electronics10121380
93,Investigation of Countermeasures to Anti-Forensic Methods,Mothukur A.R.; Balla A.; Taylor D.H.; Teja Sirimalla S.; Elleithy K.,2019,"2019 IEEE Long Island Systems, Applications and Technology Conference, LISAT 2019",10.1109/LISAT.2019.8816826
94,Differentiating Synthetic and Optical Zooming for Passive Video Forgery Detection An Anti-Forensic Perspective,Sitara K.; Mehtre B.M.,2019,Digital Investigation,10.1016/j.diin.2019.05.001
95,Anti-forensic approach for JPEG compressed images with enhanced image quality and forensic undetectability,Kumar A.; Kansal A.; Singh K.,2020,Multimedia Tools and Applications,10.1007/s11042-019-08599-6
96,A robust JPEG compression detector for image forensics,Kumawat C.; Pankajakshan V.,2020,Signal Processing: Image Communication,10.1016/j.image.2020.116008
97,Anti-forensics of Median Filtering and Contrast Enhancement,Sharma S.; Ravi H.; Subramanyam A.V.; Emmanuel S.,2020,Journal of Visual Communication and Image Representation,10.1016/j.jvcir.2019.102682
98,Forensics and Anti-Forensics of a NAND Flash Memory From a Copy-Back Program Perspective,Ahn N.Y.; Lee D.H.,2021,IEEE Access,10.1109/ACCESS.2021.3052353
99,Unmanned Aerial Vehicle Kill Chain Purple Teaming Tactics,Salamh F.E.; Karabiyik U.; Rogers M.K.; Matson E.T.,2021,"2021 IEEE 11th Annual Computing and Communication Workshop and Conference, CCWC 2021",10.1109/CCWC51732.2021.9376090
100,Anti-Forensics for Face Swapping Videos via Adversarial Training,Ding F.; Zhu G.; Li Y.; Zhang X.; Atrey P.K.; Lyu S.,2022,IEEE Transactions on Multimedia,10.1109/TMM.2021.3098422
101,CGR-GAN CG facial image regeneration for anti-forensics based on generative adversarial network,Peng F.; Yin L.-P.; Zhang L.-B.; Long M.,2020,IEEE Transactions on Multimedia,10.1109/TMM.2019.2959443
102,Drone Disrupted Denial of Service Attack (3DOS) Towards an Incident Response and Forensic Analysis of Remotely Piloted Aerial Systems (RPASs),Salamh F.E.; Karabiyik U.; Rogers M.; Al-Hazemi F.,2019,"2019 15th International Wireless Communications and Mobile Computing Conference, IWCMC 2019",10.1109/IWCMC.2019.8766538
103,Towards Multi-Operation Image Anti-Forensics with Generative Adversarial Networks,Wu J.; Sun W.,2021,Computers and Security,10.1016/j.cose.2020.102083
104,De-Wipimization Detection of data wiping traces for investigating NTFS file system,Oh D.B.; Park K.H.; Kim H.K.,2020,Computers and Security,10.1016/j.cose.2020.102034
105,An approach to detect video frame deletion under antiãûû¨forensics,Yao H.; Ni R.; Zhao Y.,2019,Journal of Real-Time Image Processing,10.1007/s11554-019-00865-y
106,Perception matters Exploring imperceptible and transferable anti-forensics for GAN-generated fake face imagery detection,Wang Y.; Ding X.; Yang Y.; Ding L.; Ward R.; Wang Z.J.,2021,Pattern Recognition Letters,10.1016/j.patrec.2021.03.009
107,Overview of Digital Forensics and Anti-Forensics Techniques,Majed H.; Noura H.N.; Chehab A.,2020,"8th International Symposium on Digital Forensics and Security, ISDFS 2020",10.1109/ISDFS49300.2020.9116399
108,Forensic Analysis with Anti-Forensic Case Studies on Amazon Alexa and Google Assistant Build-In Smart Home Speakers,Yildirim I.; Bostanci E.; Guzel M.S.,2019,"UBMK 2019 - Proceedings, 4th International Conference on Computer Science and Engineering",10.1109/UBMK.2019.8907007
109,End-to-End Anti-Forensics Network of Single and Double JPEG Detection,Kim D.; Ahn W.; Lee H.-K.,2021,IEEE Access,10.1109/ACCESS.2021.3051678
110,Countering Anti-forensics of SIFT-based Copy-Move Detection,Salman M.; Uhl A.,2020,Proceedings - International Conference on Pattern Recognition,10.1109/ICPR48806.2021.9413012
111,Anti-Forensic Threat Modeling,Hoelz B.; Maues M.,2017,IFIP Advances in Information and Communication Technology,10.1007/978-3-319-67208-3_10
112,Now You See Me Hide and Seek in Physical Address Space,Zhang N.; Sun K.; Lou W.; Hou Y.T.; Jajodia S.,2015,"ASIACCS 2015 - Proceedings of the 10th ACM Symposium on Information, Computer and Communications Security",10.1145/2714576.2714600
113,Comprehensive Expansion in Anti-Forensics Techniques (AFTs) Based Compressed Image,Waleed J.; Hasan T.M.; Abbas T.,2017,"2017 Annual Conference on New Trends in Information and Communications Technology Applications, NTICT 2017",10.1109/NTICT.2017.7976108
114,Android Mobile Forensic Analyzer for Stegno data,Mambodza W.T.; Nagoormeeran A.R.,2015,"IEEE International Conference on Circuit, Power and Computing Technologies, ICCPCT 2015",10.1109/ICCPCT.2015.7159271
115,PHASE BASED DETECTION OF JPEG COUNTER FORENSICS,Hausknecht K.; Gruicic S.,2017,"2017 40th International Convention on Information and Communication Technology, Electronics and Microelectronics, MIPRO 2017 - Proceedings",10.23919/MIPRO.2017.7973612
116,Novel Insider Threat Techniques Automation and Generation of Ad Hoc Digital Evidence,Castiglione A.; Castiglione A.; De Santis A.; Masucci B.; Palmieri F.; Pizzolante R.,2015,"MIST 2015 - Proceedings of the 7th ACM CCS International Workshop on Managing Insider Security Threats, co-located with CCS 2015",10.1145/2808783.2808789
117,Anti-forensics in ext4 On secrecy and usability of timestamp-based data hiding,GûÑbel T.; Baier H.,2018,Digital Investigation,10.1016/j.diin.2018.01.014
118,Digital Forensic Analysis for Enhancing Information Security,Adebayo O.J.; Asuleiman I.; Ade A.Y.; Ganiyu S.O.; Alabi I.O.,2015,CYBER-Abuja 2015 - International Conference on Cyberspace Governance: The Imperative for National and Economic Security - Proceedings,10.1109/CYBER-Abuja.2015.7360517
119,Controlled experiments in digital evidence tampering,Freiling F.; HûÑsch L.,2018,Digital Investigation,10.1016/j.diin.2018.01.011
120,Anti-computer forensics,Hausknecht K.; Gruicic S.,2017,"2017 40th International Convention on Information and Communication Technology, Electronics and Microelectronics, MIPRO 2017 - Proceedings",10.23919/MIPRO.2017.7973612
121,Anti-Forensics of JPEG Detectors via Adaptive Quantization Table Replacement,Chen C.; Li H.; Luo W.; Yang R.; Huang J.,2014,Proceedings - International Conference on Pattern Recognition,10.1109/ICPR.2014.126
122,Analyzing Android Application in Real-time at Kernel Level,Ruan H.; Fu X.; Liu X.; Du X.; Luo B.,2017,"2017 26th International Conference on Computer Communications and Networks, ICCCN 2017",10.1109/ICCCN.2017.8038362
123,A JPEG Blocking Artifact Detector for Image Forensics,Bhardwaj D.; Pankajakshan V.,2018,Signal Processing: Image Communication,10.1016/j.image.2018.07.011
124,Digital Video Source Acquisition Forgery Technique Based on Pattern Sensor Noise Extraction,Orozco A.L.S.; Huaman C.Q.; Quintero J.A.C.; Villalba L.J.G.,2019,IEEE Access,10.1109/ACCESS.2019.2949839
125,Digital Artifacts- Anti-Forensics Approach for Optimization of Digital Images,Bhatia A.; Rawat C.D.; Kumarjetawat A.,2018,"IEEE International Conference on Power, Control, Signals and Instrumentation Engineering, ICPCSI 2017",10.1109/ICPCSI.2017.8391771
126,THE IMPACT OF TRIGGERS ON FORENSIC ACQUISITION AND ANALYSIS OF DATABASES,Motylinski M.; MacDermott A.; Iqbal F.; Hussain M.; Aleem S.,2020,"Proceedings of the 2020 IEEE International Conference on Communications, Computing, Cybersecurity, and Informatics, CCCI 2020",10.1109/CCCI49893.2020.9256668
127,Attacking contrast enhancement forensics in digital images,Cao G.; Zhao Y.; Ni R.R.; Tian H.W.; Yu L.F.,2014,Science China Information Sciences,10.1007/s11432-013-4928-0
128,AFAUC ãûû˜ anti-forensics of storage devices by alternative use of communication channels,Baier H.; Knauer J.,2014,"Proceedings - 8th International Conference on IT Security Incident Management and IT Forensics, IMF 2014",10.1109/IMF.2014.11
129,Mitigating Anti-forensics in the Cloud via Resource-Based Privacy Preserving Activity Attribution,Odebade A.; Welsh T.; Mthunzi S.; Benkhelifa E.,2017,"2017 4th International Conference on Software Defined Systems, SDS 2017",10.1109/SDS.2017.7939155
130,Data Remanence and Digital Forensic Investigation for CUDA Graphics Processing Units,Bellekens X.; Paul G.; Irvine J.M.; Tachtatzis C.; Atkinson R.C.; Kirkham T.; Renfrew C.,2015,"Proceedings of the 2015 IFIP/IEEE International Symposium on Integrated Network Management, IM 2015",10.1109/INM.2015.7140493
131,Performance Evaluation of Dither based Approach for Alleviation of Blocking Artifact in Image Compression,Singh A.K.; Rawat C.S.,2018,"International Conference on Current Trends in Computer, Electrical, Electronics and Communication, CTCEEC 2017",10.1109/CTCEEC.2017.8454969
132,Detecting double JPEG compression and its related anti-forensic operations with CNN,Li B.; Zhang H.; Luo H.; Tan S.,2019,Multimedia Tools and Applications,10.1007/s11042-018-7073-3
133,A Non-Algorithmic Forensic Approach for Hiding Data in Image Files,Sabir M.F.; Jones J.H.; Liu H.; Mbaziira A.V.,2018,ACM International Conference Proceeding Series,10.1145/3193077.3193087
134,Anti-forensics of double JPEG compression with the same quantization matrix,Li H.; Luo W.; Huang J.,2015,Multimedia Tools and Applications,10.1007/s11042-014-1927-0
135,DETECTING ANTI-FORENSIC ATTACKS ON DEMOSAICING-BASED CAMERA MODEL IDENTIFICATION,Chen C.; Zhao X.; Stamm M.C.,2017,"Proceedings - International Conference on Image Processing, ICIP",10.1109/ICIP.2017.8296534
136,Forensic artefacts associated with intentionally deleted user accounts,Al-Saleh M.I.; Al-Shamaileh M.J.,2017,International Journal of Electronic Security and Digital Forensics,10.1504/IJESDF.2017.083992
137,Deniable Encryption based on Standard RSA with OAEP,Yajam H.A.; Karimi Ahmadabadi Y.; Akhaee M.,2017,"2016 8th International Symposium on Telecommunications, IST 2016",10.1109/ISTEL.2016.7881788
138,Anti-forensic steganography using multi-bit MER with flexible bit location,Chen R.-J.; Horng S.-J.; Huang P.-H.,2015,International Journal of Ad Hoc and Ubiquitous Computing,10.1504/IJAHUC.2015.067788
139,Countering Anti-Forensics of Lateral Chromatic Aberration,Mayer O.; Stamm M.C.,2017,IH and MMSec 2017 - Proceedings of the 2017 ACM Workshop on Information Hiding and Multimedia Security,10.1145/3082031.3083242
140,A Survey On Anti-Forensics Techniques,Gû¥l M.; Kugu E.,2017,IDAP 2017 - International Artificial Intelligence and Data Processing Symposium,10.1109/IDAP.2017.8090341
141,Analysis of VMware Virtual Machine in Forensics and Anti-Forensics Paradigm,Riaz H.; Tahir M.A.,2018,"6th International Symposium on Digital Forensic and Security, ISDFS 2018 - Proceeding",10.1109/ISDFS.2018.8355375
142,Correlating CDR with other data sources Succeeding against Anti-Forensics,Chemello N.,2016,"2016 IEEE International Conference on Cybercrime and Computer Forensic, ICCCF 2016",10.1109/ICCCF.2016.7740425
143,How to Decrypt PIN-Based Encrypted Backup Data of Samsung Smartphones,Park M.; Kim H.; Kim J.,2018,Digital Investigation,10.1016/j.diin.2018.05.006
144,Video content authentication techniques a comprehensive survey,Singh R.D.; Aggarwal N.,2018,Multimedia Systems,10.1007/s00530-017-0538-9
145,Alleviation of Quantization Artifact using Anti-Forensic in Image Processing,Singh A.K.; Rawat C.S.; Bhatia A.,2018,"2017 International Conference on Energy, Communication, Data Analytics and Soft Computing, ICECDS 2017",10.1109/ICECDS.2017.8389944
146,Introducing Anti-Forensics to SQLite Corpora and Tool Testing,Schmitt S.,2018,"Proceedings - 11th International Conference on IT Security Incident Management and IT Forensics, IMF 2018",10.1109/IMF.2018.00014
147,The Forensic Analysis of a False Digital Alibi,Castiglione A.; Cattaneo G.; De Maio G.; De Santis A.; Costabile G.; Epifani M.,2012,"Proceedings - 6th International Conference on Innovative Mobile and Internet Services in Ubiquitous Computing, IMIS 2012",10.1109/IMIS.2012.127
148,Determining removal of forensic artefacts using the USN change journal,Lees C.,2013,Digital Investigation,10.1016/j.diin.2013.10.002
149,PROTECTION AGAINST REVERSE ENGINEERING IN DIGITAL CAMERAS,Stamm M.C.; Liu K.J.R.,2013,"ICASSP, IEEE International Conference on Acoustics, Speech and Signal Processing - Proceedings",10.1109/ICASSP.2013.6639365
150,A Hierarchical Visibility theory for formal digital investigation of anti-forensic attacks,Rekhis S.; Boudriga N.,2012,Computers and Security,10.1016/j.cose.2012.06.009
151,Novel Anti-forensics Approaches for Smart Phones,Azadegan S.; Yu W.; Liu H.; Sistani M.; Acharya S.,2012,45th Hawaii International Conference on System Sciences (HICSS),10.1109/HICSS.2012.452
152,"A Plausibly-Deniable, Practical Trusted Platform Module Based Anti-Forensics Client-Server System",Goh W.; Leong P.C.; Yeo C.K.,2011,IEEE Journal on Selected Areas in Communications,10.1109/JSAC.2011.110805
153,CONCEALABILITY-RATE-DISTORTION TRADEOFF IN IMAGE COMPRESSION ANTI-FORENSICS,Chu X.; Stamm M.C.; Chen Y.; Liu K.J.R.,2013,"ICASSP, IEEE International Conference on Acoustics, Speech and Signal Processing - Proceedings",10.1109/ICASSP.2013.6638221
154,Android anti-forensics through a local paradigm,Distefano A.; Me G.; Pace F.,2010,DFRWS 2010 Annual Conference,10.1016/j.diin.2010.05.011
155,A System for Formal Digital Forensic Investigation Aware of Anti-Forensic Attacks,Rekhis S.; Boudriga N.,2012,IEEE Transactions on Information Forensics and Security,10.1109/TIFS.2011.2176117
156,Anti-Forensics The Next Step in Digital Forensics Tool Testing,Wundram M.; Freiling F.C.; Moch C.,2013,"Proceedings - 7th International Conference on IT Security Incident Management and IT Forensics, IMF 2013",10.1109/IMF.2013.17
157,A Novel Anti-Forensics Technique for the Android OS,Albano P.; Castiglione A.; Cattaneo G.; De Santis A.,2011,"Proceedings - 2011 International Conference on Broadband and Wireless Computing, Communication and Applications, BWCCA 2011",10.1109/BWCCA.2011.62
158,Android Anti-forensics: Modifying CyanogenMod,Karlsson K-J.; Glisson W.,2014,arXiv preprint,ò10.1109/HICSS.2014.593
159,WAVELET-BASED IMAGE COMPRESSION ANTI-FORENSICS,Stamm M.C.; Liu K.J.R.,2010,"Proceedings - International Conference on Image Processing, ICIP",10.1109/ICIP.2010.5652845
160,Android Malware Forensics Reconstruction of Malicious Events,Li J.; Gu D.; Luo Y.,2012,"Proceedings - 32nd IEEE International Conference on Distributed Computing Systems Workshops, ICDCSW 2012",10.1109/ICDCSW.2012.33
161,EXPOSING IMAGE FORGERY THROUGH THE DETECTION OF CONTRAST ENHANCEMENT,Lin X.; Li C.-T.; Hu Y.,2013,"2013 IEEE International Conference on Image Processing, ICIP 2013 - Proceedings",10.1109/ICIP.2013.6738920
162,Forensic Analysis of Wickr Application on Android Devices,Mehrotra T.; Mehtre B.M.,2013,"2013 IEEE International Conference on Computational Intelligence and Computing Research, IEEE ICCIC 2013",10.1109/ICCIC.2013.6724230
163,Anti-forensics with a small army of exploits,Hilley S.,2007,Digital Investigation,10.1016/j.diin.2007.01.005
164,Digital Forensics Latest Challenges and Response,Zareen M.S.; Waqar A.; Aslam B.,2013,"Conference Proceedings - 2013 2nd National Conference on Information Assurance, NCIA 2013",10.1109/NCIA.2013.6725320
165,MIXED-STRATEGY NASH EQUILIBRIUM IN THE CAMERA SOURCE IDENTIFICATION GAME,Zeng H.; Kang X.; Huang J.,2013,"2013 IEEE International Conference on Image Processing, ICIP 2013 - Proceedings",10.1109/ICIP.2013.6738921
166,Forensic Artifacts Left By Virtual Disk Encryption Tools,Lim S.; Park J.; Lim K.-S.; Lee C.; Lee S.,2010,"2010 3rd International Conference on Human-Centric Computing, HumanCom 2010",10.1109/HUMANCOM.2010.5563320
167,UNDETECTABLE IMAGE TAMPERING THROUGH JPEG COMPRESSION ANTI-FORENSICS,Stamm M.C.; Tjoa S.K.; Lin W.S.; Liu K.J.R.,2010,"Proceedings - International Conference on Image Processing, ICIP",10.1109/ICIP.2010.5652553
168,Malware Forensics Discovery of the Intent of Deception,Brand M.; Valli C.; Woodward A.,2010,Proceedings of the 8th Australian Digital Forensics Conference,10.15394/jdfsl.2010.1082
169,A new anti-forensic tool based on a simple data encryption scheme,Lee S.S.; Chang K.-Y.; Lee D.; Hong D.,2007,"Proceedings of Future Generation Communication and Networking, FGCN 2007",10.1109/fgcn.2007.21
170,A New Technique for Removing Forensically Detectable Traces from Digital Images,Kaimal A.B.; Manimurugan S.; Rajivkumar J.; Anitha,2013,"7th International Conference on Intelligent Systems and Control, ISCO 2013",10.1109/ISCO.2013.6481171
171,The VAD tree A process-eye view of physical memory,Dolan-Gavitt B.,2007,Digital Investigation,10.1016/j.diin.2007.06.008
172,ANTI-FORENSICS FOR FRAME DELETION/ADDITION IN MPEG VIDEO,Stamm M.C.; Liu K.J.R.,2011,"ICASSP, IEEE International Conference on Acoustics, Speech and Signal Processing - Proceedings",10.1109/ICASSP.2011.5946872
173,Teaching Digital Forensics Techniques Within Linux Environments,Caloyannides M.A.; Memon N.; Venema W.,2009,IEEE Security and Privacy,10.1109/MSP.2009.34
174,"Automatic, Selective and Secure Deletion of Digital Evidence",Castiglione A.; Cattaneo G.; De Maio G.; De Santis A.,2011,"Proceedings - 2011 International Conference on Broadband and Wireless Computing, Communication and Applications, BWCCA 2011",10.1109/BWCCA.2011.64
175,A Modified Anti-Forensic Technique for Removing Detectable Traces from Digital Images,Kaimal A.B.; Manimurugan S.; Anitha J.,2013,"2013 International Conference on Computer Communication and Informatics, ICCCI 2013",10.1109/ICCCI.2013.6466109
176,On the Construction of a False Digital Alibi on the Android OS,Albano P.; Castiglione A.; Cattaneo G.; De Maio G.; De Santis A.,2011,"Proceedings - 3rd IEEE International Conference on Intelligent Networking and Collaborative Systems, INCoS 2011",10.1109/INCoS.2011.129
177,Formal Digital Investigation of Anti-forensic Attacks,Rekhis S.; Boudriga N.,2012,Computers and Security,10.1016/j.cose.2012.06.009
178,iOS anti-forensics: How can we securely conceal delete and insert data?,D'Orazio C.; Ariffin A.; Choo K-K.R.,2014,47th Hawaii International Conference on System Sciences (HICSS),10.1109/HICSS.2014.594
179,Asynchronous Forensic Investigative Approach to Recover Deleted Data from Instant Messaging Applications,Salamh F.E.; Karabiyik U.; Rogers M.K.,2020,"2020 International Symposium on Networks, Computers and Communications, ISNCC 2020",10.1109/ISNCC49221.2020.9297227
180,Improving JPEG Image Anti-forensics,Fahmy G.,2012,"WIAR 2012 - National Workshop on Information Assurance Research, Proceedings",10.1145/2905055.2905134
181,Anti-Forensics of Contrast Enhancement in Digital Images,Bharathiraja S.; Rajesh Kanna B.,2019,Mobile Networks and Applications,10.1007/s11036-019-01255-1
182,Forensics and counter anti-forensics of video inter-frame forgery,Dardick G.S.; La Roche C.R.; Flanigan M.A.,2007,Proceedings of the 5th Australian Digital Forensics Conference,
183,Cryptographic key protection against FROST for mobile devices,Zhang X.; Tan Y.-A.; Xue Y.; Zhang Q.; Li Y.; Zhang C.; Zheng J.,2017,Cluster Computing,10.1007/s10586-016-0721-3
184,Implementation Framework National Institute of Standards and Technology (Nist) Evidence Digital In The Forensic Process Social Media,Radika Muzdalifa Abubakar; Muhammad Sabri Ahmad; Syarifuddin N. Kapita; Ahmad Fuad,2023,Technium: Romanian Journal of Applied Sciences and Technology,10.47577/technium.v17i.10084
185,Anti-Forensics with Steganographic File Embedding in Digital Image Using Genetic Algorithm,Amadeus Pondera Purnacandra; Subektiningsih Subektiningsih,2022,Jurnal Ilmiah Teknik Elektro Komputer dan Informatika,10.26555/jiteki.v8i2.24208
186,Detection of Suspicious Timestamps in NTFS using Volume Shadow Copies,Alji Mohamed; Chougdali Khalid,2021,International Journal of Computer Network and Information Security (IJCNIS),10.5815/ijcnis.2021.04.06
187,A review of digital video tampering: From simple editing to full synthesis,Pamela Johnston; Eyad Elyan,2019,Digital Investigation,10.1016/j.diin.2019.03.006
188,When finding nothing may be evidence of something: Anti-forensics and digital tool marks,Graeme Horsman; David Errickson,2019,Science & Justice,10.1016/j.scijus.2019.06.004
189,Digital tool marks (DTMs): a forensic analysis of file wiping software,Graeme Horsman,2021,Australian Journal of Forensic Sciences,10.1080/00450618.2019.1640793
190,FROST: Anti-Forensics Digital-Dead-DROp Information Hiding RobuST to Detection & Data Loss with Fault tolerance,Avinash Srinivasan; Hunter Dong; Angelos Stavrou,2017,"Proceedings of the 12th International Conference on Availability, Reliability and Security (ARES 2017)",10.1145/3098954.3106069
191,Forensic identification of resampling operators: A semi non-intrusive approach,Gang Cao; Yao Zhao; Rongrong Ni,2012,Forensic Science International,10.1016/j.forsciint.2011.08.012
192,Defense Technology of Anti Forensic,Su Hyung Jo; Do Won Hong,2008,"International Conference on Control, Automation and Systems (ICCAS 2008)",10.1109/ICCAS.2008.4694617
193,Densely Connected Convolutional Neural Network for Multi-purpose Image Forensics under Anti-forensic Attacks,Yifang Chen; Xiangui Kang; Z. Jane Wang; Qiong Zhang,2018,Proceedings of the 6th ACM Workshop on Information Hiding and Multimedia Security (IH&MMSec 2018),10.1145/3206004.3206013
194,Generating Higher-Quality Anti-Forensics DeepFakes with Adversarial Sharpening Mask,Bing Fan; Feng Ding; Guopu Zhu; Jiwu Huang; Sam Kwong; Pradeep K. Atrey; Siwei Lyu,2025,"ACM Transactions on Multimedia Computing, Communications and Applications",10.1145/3729233
195,New Approach on Steganalysis: Reverse-Engineering based Steganography SW Analysis,Hanseong Lee; Hyung-Woo Lee,2020,Proceedings of the 2020 9th International Conference on Software and Computer Applications (ICSCA 2020),10.1145/3384544.3384571
196,JPEG anti-forensics using non-parametric DCT quantization noise estimation and natural image statistics,Wei Fan; Kai Wang; Franois Cayre; Zhang Xiong,2013,Proceedings of the 1st ACM Workshop on Information Hiding and Multimedia Security (IH&MMSec 2013),10.1145/2482513.2482536
197,Anti-forensics of contrast enhancement in digital images,Gang Cao; Yao Zhao; Rongrong Ni; Huawei Tian,2010,Proceedings of the 12th ACM Workshop on Multimedia and Security (MM&Sec 2010),10.1145/1854229.1854237